[
  {
    "__comment": "John Smith Legacy Bedrock by JimStoneCraft"
  },
  {
    "flipbook_texture": "textures/blocks/blue_ice",
    "atlas_tile": "blue_ice",
    "frames": [ 0,1,2,3,4,5,6,7,8,9,10,11,12,13,14,15,16,17,18,19,20,21,22,23,24,25,26,27,28,29,30,31,32,33,34,35,36,37,38,39,40,41,42,43,44,45,46,47,48,49,50,51,52,53,54,55,56,57,58,59 ],
    "blend_frames": false
  },
  {
    "flipbook_texture": "textures/blocks/cauldron_water",
    "atlas_tile": "cauldron_water",
    "ticks_per_frame": 2,
    "frames": [ 0,1,2,3,4,5,6,7,8,9,10,11,12,13,14,15,16,17,18,19,20,21,22,23,24,25,26,27,28,29,30,31,32,33,34,35,36,37,38,39,40,41,42,43,44,45,46,47,48,49,50,51,52,53,54,55,56,57,58,59 ]
  },
  {
    "flipbook_texture": "textures/blocks/comparator_on",
    "atlas_tile": "comparator_on",
    "ticks_per_frame": 6,
    "frames": [ 0,1,2,3,4,5,6,7,8,9,10,11,12,13,14,15,16,17,18,19,20,21,22,23,24,25,26,27 ],
    "blend_frames": false
  },
  {
    "flipbook_texture": "textures/blocks/copper_ore",
    "atlas_tile": "copper_ore",
    "frames": [ 31,32,33,34,35,36,37,38,39,40,41,42,43,44,45,46,47,48,49,0,1,2,3,4,5,6,7,8,9,10,11,12,13,14,15,16,17,18,19,20,21,22,23,24,25,26,27,28,29,30 ],
    "blend_frames": false
  },
  {
    "flipbook_texture": "textures/blocks/crying_obsidian",
    "atlas_tile": "crying_obsidian",
    "ticks_per_frame": 20,
    "frames": [ 0,1,2,3,4,5,6,7 ]
  },
  {
    "flipbook_texture": "textures/blocks/daylight_detector_inverted_top",
    "atlas_tile": "daylight_detector_inverted_top",
    "ticks_per_frame": 6,
    "frames": [ 0,1,2,3,2,1 ]
  },
  {
    "flipbook_texture": "textures/blocks/daylight_detector_top",
    "atlas_tile": "daylight_detector_top",
    "ticks_per_frame": 6,
    "frames": [ 3,2,1,0,1,2 ]
  },
  {
    "flipbook_texture": "textures/blocks/deepslate_copper_ore",
    "atlas_tile": "deepslate_copper_ore",
    "frames": [ 31,32,33,34,35,36,37,38,39,40,41,42,43,44,45,46,47,48,49,0,1,2,3,4,5,6,7,8,9,10,11,12,13,14,15,16,17,18,19,20,21,22,23,24,25,26,27,28,29,30 ],
    "blend_frames": false
  },
  {
    "flipbook_texture": "textures/blocks/deepslate_diamond_ore",
    "atlas_tile": "deepslate_diamond_ore",
    "frames": [ 0,1,2,3,4,5,6,7,8,9,10,11,12,13,14,15,16,17,18,19,20,21,22,23,24,25,26,27,28,29,30,31,32,33,34,35,36,37,38,39,40,41,42,43,44 ],
    "blend_frames": false
  },
  {
    "flipbook_texture": "textures/blocks/deepslate_emerald_ore",
    "atlas_tile": "deepslate_emerald_ore",
    "frames": [ 23,24,25,26,27,28,29,30,31,32,33,34,35,36,37,38,39,40,41,42,43,44,0,1,2,3,4,5,6,7,8,9,10,11,12,13,14,15,16,17,18,19,20,21,22 ],
    "blend_frames": false
  },
  {
    "flipbook_texture": "textures/blocks/deepslate_gold_ore",
    "atlas_tile": "deepslate_gold_ore",
    "ticks_per_frame": 3,
    "frames": [ 0,1,2,3,4,5,6,7,8,9,10,11,12,13,14,15,16,17,18,19 ],
    "blend_frames": false
  },
  {
    "flipbook_texture": "textures/blocks/deepslate_iron_ore",
    "atlas_tile": "deepslate_iron_ore",
    "frames": [ 0,1,2,3,4,5,6,7,8,9,10,11,12,13,14,15,16,17,18,19,20,21,22,23,24,25,26,27,28,29,30,31,32,33,34,35,36,37,38,39,40,41,42,43,44,45,46,47,48,49 ],
    "blend_frames": false
  },
  {
    "flipbook_texture": "textures/blocks/deepslate_lapis_ore",
    "atlas_tile": "deepslate_lapis_ore",
    "frames": [ 15,16,17,18,19,20,21,22,23,24,25,26,27,28,29,30,31,32,33,34,35,36,37,38,39,40,41,42,43,44,45,46,47,48,49,0,1,2,3,4,5,6,7,8,9,10,11,12,13,14 ],
    "blend_frames": false
  },
  {
    "flipbook_texture": "textures/blocks/deepslate_redstone_ore",
    "atlas_tile": "deepslate_redstone_ore",
    "frames": [ 0,1,2,3,4,5,6,7,8,9,10,11,12,13,14,15,16,17,18,19,20,21,22,23,24,25,26,27,28 ],
    "blend_frames": false
  },
  {
    "flipbook_texture": "textures/blocks/diamond_ore",
    "atlas_tile": "diamond_ore",
    "frames": [ 0,1,2,3,4,5,6,7,8,9,10,11,12,13,14,15,16,17,18,19,20,21,22,23,24,25,26,27,28,29,30,31,32,33,34,35,36,37,38,39,40,41,42,43,44 ],
    "blend_frames": false
  },
  {
    "flipbook_texture": "textures/blocks/dispenser_front_horizontal",
    "atlas_tile": "dispenser_front_horizontal",
    "ticks_per_frame": 3,
    "frames": [ 0,1,2,3,4,5,6,7,8,9 ],
    "blend_frames": false
  },
  {
    "flipbook_texture": "textures/blocks/emerald_ore",
    "atlas_tile": "emerald_ore",
    "frames": [ 23,24,25,26,27,28,29,30,31,32,33,34,35,36,37,38,39,40,41,42,43,44,0,1,2,3,4,5,6,7,8,9,10,11,12,13,14,15,16,17,18,19,20,21,22 ],
    "blend_frames": false
  },
  {
    "flipbook_texture": "textures/blocks/frosted_ice_0",
    "atlas_tile": "frosted_ice_0",
    "frames": [ 0,1,2,3,4,5,6,7,8,9,10,11,12,13,14,15,16,17,18,19,20,21,22,23,24,25,26,27,28,29,30,31,32,33,34,35,36,37,38,39,40,41,42,43,44,45,46,47,48,49,50,51,52,53,54,55,56,57,58,59 ]
  },
  {
    "flipbook_texture": "textures/blocks/frosted_ice_1",
    "atlas_tile": "frosted_ice_1",
    "frames": [ 0,1,2,3,4,5,6,7,8,9,10,11,12,13,14,15,16,17,18,19,20,21,22,23,24,25,26,27,28,29,30,31,32,33,34,35,36,37,38,39,40,41,42,43,44,45,46,47,48,49,50,51,52,53,54,55,56,57,58,59 ]
  },
  {
    "flipbook_texture": "textures/blocks/frosted_ice_2",
    "atlas_tile": "frosted_ice_2",
    "frames": [ 0,1,2,3,4,5,6,7,8,9,10,11,12,13,14,15,16,17,18,19,20,21,22,23,24,25,26,27,28,29,30,31,32,33,34,35,36,37,38,39,40,41,42,43,44,45,46,47,48,49,50,51,52,53,54,55,56,57,58,59 ]
  },
  {
    "flipbook_texture": "textures/blocks/frosted_ice_3",
    "atlas_tile": "frosted_ice_3",
    "frames": [ 0,1,2,3,4,5,6,7,8,9,10,11,12,13,14,15,16,17,18,19,20,21,22,23,24,25,26,27,28,29,30,31,32,33,34,35,36,37,38,39,40,41,42,43,44,45,46,47,48,49,50,51,52,53,54,55,56,57,58,59 ]
  },
  {
    "flipbook_texture": "textures/blocks/furnace_front_on",
    "atlas_tile": "furnace_front_on",
    "ticks_per_frame": 1,
    "frames": [ 0,1,2,3,4,5,6,7,8,9,10,11,12,13,14,15,16,17,18,19 ],
    "blend_frames": false
  },
  {
    "flipbook_texture": "textures/blocks/glowing_obsidian",
    "atlas_tile": "glowing_obsidian",
    "frames": [ 0,1,2,3,4,5,6,7 ]
  },
  {
    "flipbook_texture": "textures/blocks/gold_ore",
    "atlas_tile": "gold_ore",
    "ticks_per_frame": 3,
    "frames": [ 0,1,2,3,4,5,6,7,8,9,10,11,12,13,14,15,16,17,18,19 ],
    "blend_frames": false
  },
  {
    "flipbook_texture": "textures/blocks/gilded_blackstone",
    "atlas_tile": "gilded_blackstone",
    "ticks_per_frame": 3,
    "frames": [ 0,1,2,3,4,5,6,7,8,9,10,11,12,13,14,15,16,17,18,19 ],
    "blend_frames": false
  },
  {
    "flipbook_texture": "textures/blocks/nether_gold_ore",
    "atlas_tile": "nether_gold_ore",
    "frames": [ 35,36,37,38,39,40,41,42,43,44,45,46,47,48,49,0,1,2,3,4,5,6,7,8,9,10,11,12,13,14,15,16,17,18,19,20,21,22,23,24,25,26,27,28,29,30,31,32,33,34 ],
    "blend_frames": false
  },
  {
    "flipbook_texture": "textures/blocks/crimson_log_side",
    "atlas_tile": "crimson_log_side",
    "ticks_per_frame": 15,
    "frames": [ 0,1,2,3,4 ]
  },
  {
    "flipbook_texture": "textures/blocks/warped_stem_side",
    "atlas_tile": "warped_stem_side",
    "ticks_per_frame": 15,
    "frames": [ 2,3,4,0,1 ]
  },
  {
    "flipbook_texture": "textures/blocks/ice",
    "atlas_tile": "ice",
    "frames": [ 0,1,2,3,4,5,6,7,8,9,10,11,12,13,14,15,16,17,18,19,20,21,22,23,24,25,26,27,28,29,30,31,32,33,34,35,36,37,38,39,40,41,42,43,44,45,46,47,48,49,50,51,52,53,54,55,56,57,58,59 ]
  },
  {
    "flipbook_texture": "textures/blocks/ice_packed",
    "atlas_tile": "ice_packed",
    "frames": [ 0,1,2,3,4,5,6,7,8,9,10,11,12,13,14,15,16,17,18,19,20,21,22,23,24,25,26,27,28,29,30,31,32,33,34,35,36,37,38,39,40,41,42,43,44,45,46,47,48,49,50,51,52,53,54,55,56,57,58,59 ]
  },
  {
    "flipbook_texture": "textures/blocks/iron_ore",
    "atlas_tile": "iron_ore",
    "frames": [ 0,1,2,3,4,5,6,7,8,9,10,11,12,13,14,15,16,17,18,19,20,21,22,23,24,25,26,27,28,29,30,31,32,33,34,35,36,37,38,39,40,41,42,43,44,45,46,47,48,49 ],
    "blend_frames": false
  },
  {
    "flipbook_texture": "textures/blocks/lapis_ore",
    "atlas_tile": "lapis_ore",
    "frames": [ 15,16,17,18,19,20,21,22,23,24,25,26,27,28,29,30,31,32,33,34,35,36,37,38,39,40,41,42,43,44,45,46,47,48,49,0,1,2,3,4,5,6,7,8,9,10,11,12,13,14 ],
    "blend_frames": false
  },
  {
    "flipbook_texture": "textures/blocks/quartz_ore",
    "atlas_tile": "quartz_ore",
    "frames": [ 35,36,37,38,39,40,41,42,43,44,45,46,47,48,49,0,1,2,3,4,5,6,7,8,9,10,11,12,13,14,15,16,17,18,19,20,21,22,23,24,25,26,27,28,29,30,31,32,33,34 ],
    "blend_frames": false
  },
  {
    "flipbook_texture": "textures/blocks/pumpkin_face_on",
    "atlas_tile": "pumpkin_face_on",
    "frames": [ 0,1,2,3,4,5,6,7,8,9,10,11,12,13,14,15,16,17,18,19 ],
    "blend_frames": false
  },
  {
    "flipbook_texture": "textures/blocks/rail_detector_powered",
    "atlas_tile": "rail_detector_powered",
    "frames": [ 0,1 ]
  },
  {
    "flipbook_texture": "textures/blocks/redstone_ore",
    "atlas_tile": "redstone_ore",
    "frames": [ 0,1,2,3,4,5,6,7,8,9,10,11,12,13,14,15,16,17,18,19,20,21,22,23,24,25,26,27 ],
    "blend_frames": false
  },
  {
    "flipbook_texture": "textures/blocks/redstone_torch_on",
    "atlas_tile": "redstone_torch_on",
    "frames": [ 0,1,2,3,4,5,6,7,8,9,10,11,12,13,14,15,16,17,18,19,20,21,22,23,24,25,26,27 ],
    "blend_frames": false
  },
  {
    "flipbook_texture": "textures/blocks/torch_on",
    "atlas_tile": "torch_on",
    "frames": [ 0,1,2,3,4,5,6,7,8,9,10,11,12,13,14,15,16,17,18,19,20,21,22,23,24,25,26,27,28,29,30,31 ],
    "blend_frames": false
  },
  {
    "flipbook_texture": "textures/blocks/soul_torch",
    "atlas_tile": "soul_torch",
    "frames": [ 0,1,2,3,4,5,6,7,8,9,10,11,12,13,14,15,16,17,18,19,20,21,22,23,24,25,26,27,28,29,30,31 ],
    "blend_frames": false
  },
  {
    "flipbook_texture": "textures/blocks/raw_copper_block",
    "atlas_tile": "raw_copper_block",
    "frames": [ 0,1,2,3,4,5,6,7,8,9,10,11,12,13,14,15,16,17,18,19,20,21,22,23,24,25,26,27,28,29,30,31,32,33,34,35,36,37,38,39,40,41,42,43,44,45,46,47,48,49 ],
    "blend_frames": false
  },
  {
    "flipbook_texture": "textures/blocks/raw_gold_block",
    "atlas_tile": "raw_gold_block",
    "frames": [ 0,1,2,3,4,5,6,7,8,9,10,11,12,13,14,15,16,17,18,19,20,21,22,23,24,25,26,27,28,29,30,31,32,33,34,35,36,37,38,39,40,41,42,43,44,45,46,47,48,49 ],
    "blend_frames": false
  },
  {
    "flipbook_texture": "textures/blocks/raw_iron_block",
    "atlas_tile": "raw_iron_block",
    "frames": [ 0,1,2,3,4,5,6,7,8,9,10,11,12,13,14,15,16,17,18,19,20,21,22,23,24,25,26,27,28,29,30,31,32,33,34,35,36,37,38,39,40,41,42,43,44,45,46,47,48,49 ],
    "blend_frames": false
  },
  {
    "flipbook_texture": "textures/blocks/repeater_on",
    "atlas_tile": "repeater_on",
    "frames": [ 0,1,2,3,4,5,6,7,8,9,10,11,12,13,14,15,16,17,18,19,20,21,22,23,24,25,26,27 ],
    "blend_frames": false
  },
  {
    "flipbook_texture": "textures/blocks/respawn_anchor_top",
    "atlas_tile": "respawn_anchor_top",
    "atlas_index": 1,
    "atlas_tile_variant": 1,
    "frames": [ 0,1,2,3,4,5,6,7,8,9,10,11,12,13,14,15,16,17,18,19,20,21,22,23,24,25,26,27,28,29,30,31 ]
  },
  {
    "flipbook_texture": "textures/blocks/respawn_anchor_top",
    "atlas_tile": "respawn_anchor_top",
    "atlas_index": 2,
    "atlas_tile_variant": 2,
    "frames": [ 0,1,2,3,4,5,6,7,8,9,10,11,12,13,14,15,16,17,18,19,20,21,22,23,24,25,26,27,28,29,30,31 ]
  },
  {
    "flipbook_texture": "textures/blocks/respawn_anchor_top",
    "atlas_tile": "respawn_anchor_top",
    "atlas_index": 3,
    "atlas_tile_variant": 3,
    "frames": [ 0,1,2,3,4,5,6,7,8,9,10,11,12,13,14,15,16,17,18,19,20,21,22,23,24,25,26,27,28,29,30,31 ]
  },
  {
    "flipbook_texture": "textures/blocks/respawn_anchor_top",
    "atlas_tile": "respawn_anchor_top",
    "atlas_index": 4,
    "atlas_tile_variant": 4,
    "frames": [ 0,1,2,3,4,5,6,7,8,9,10,11,12,13,14,15,16,17,18,19,20,21,22,23,24,25,26,27,28,29,30,31 ]
  },
  {
    "flipbook_texture": "textures/blocks/respawn_anchor_top_off",
    "atlas_tile": "respawn_anchor_top",
    "atlas_index": 0,
    "atlas_tile_variant": 0,
    "frames": [ 0 ]
  },
  {
    "flipbook_texture": "textures/blocks/respawn_anchor_side0",
    "atlas_tile": "respawn_anchor_side",
    "atlas_index": 0,
    "atlas_tile_variant": 0,
    "frames": [ 0,1,2,3,4,5,6,7 ],
    "ticks_per_frame": 20
  },
  {
    "flipbook_texture": "textures/blocks/respawn_anchor_side1",
    "atlas_tile": "respawn_anchor_side",
    "atlas_index": 1,
    "atlas_tile_variant": 1,
    "frames": [ 0,1,2,3,4,5,6,7 ],
    "ticks_per_frame": 20
  },
  {
    "flipbook_texture": "textures/blocks/respawn_anchor_side2",
    "atlas_tile": "respawn_anchor_side",
    "atlas_index": 2,
    "atlas_tile_variant": 2,
    "frames": [ 0,1,2,3,4,5,6,7 ],
    "ticks_per_frame": 20
  },
  {
    "flipbook_texture": "textures/blocks/respawn_anchor_side3",
    "atlas_tile": "respawn_anchor_side",
    "atlas_index": 3,
    "atlas_tile_variant": 3,
    "frames": [ 0,1,2,3,4,5,6,7 ],
    "ticks_per_frame": 20
  },
  {
    "flipbook_texture": "textures/blocks/respawn_anchor_side4",
    "atlas_tile": "respawn_anchor_side",
    "atlas_index": 4,
    "atlas_tile_variant": 4,
    "frames": [ 0,1,2,3,4,5,6,7 ],
    "ticks_per_frame": 20
  },
  {
    "flipbook_texture": "textures/blocks/respawn_anchor_bottom",
    "atlas_tile": "respawn_anchor_bottom",
    "frames": [ 0,1,2,3,4,5,6,7 ],
    "ticks_per_frame": 20
  },
  {
    "flipbook_texture": "textures/blocks/fire_0",
    "atlas_tile": "fire_0",
    "frames": [ 0,1,2,3,4,5,6,7,8,9,10,11,12,13,14,15,16,17,18,19 ]
  },
  {
    "flipbook_texture": "textures/blocks/fire_1",
    "atlas_tile": "fire_1",
    "frames": [ 10,11,12,13,14,15,16,17,18,19,0,1,2,3,4,5,6,7,8,9 ]
  },
  {
    "flipbook_texture": "textures/blocks/soul_fire_0",
    "atlas_tile": "soul_fire_0",
    "frames": [ 0,1,2,3,4,5,6,7,8,9,10,11,12,13,14,15,16,17,18,19 ]
  },
  {
    "flipbook_texture": "textures/blocks/soul_fire_1",
    "atlas_tile": "soul_fire_1",
    "frames": [ 10,11,12,13,14,15,16,17,18,19,0,1,2,3,4,5,6,7,8,9 ]
  },
  {
    "flipbook_texture": "textures/blocks/water_still",
    "atlas_tile": "still_watery",
    "ticks_per_frame": 2,
    "frames": [ 0,1,2,3,4,5,6,7,8,9,10,11,12,13,14,15,16,17,18,19,20,21,22,23,24,25,26,27,28,29,30,31,32,33,34,35,36,37,38,39,40,41,42,43,44,45,46,47,48,49,50,51,52,53,54,55,56,57,58,59 ]
  },
  {
    "flipbook_texture": "textures/blocks/water_flow",
    "atlas_tile": "flowing_water",
    "ticks_per_frame": 2,
    "replicate": 2,
    "frames": [ 0,1,2,3,4,5,6,7 ]
  },
  {
    "flipbook_texture": "textures/blocks/water_still_grey",
    "atlas_tile": "still_water_grey",
    "ticks_per_frame": 2,
    "frames": [ 0,1,2,3,4,5,6,7,8,9,10,11,12,13,14,15,16,17,18,19,20,21,22,23,24,25,26,27,28,29,30,31,32,33,34,35,36,37,38,39,40,41,42,43,44,45,46,47,48,49,50,51,52,53,54,55,56,57,58,59 ]
  },
  {
    "flipbook_texture": "textures/blocks/water_flow_grey",
    "atlas_tile": "flowing_water_grey",
    "ticks_per_frame": 2,
    "replicate": 2,
    "frames": [ 0,1,2,3,4,5,6,7 ]
  },
  {
    "flipbook_texture": "textures/blocks/lava_still",
    "atlas_tile": "still_lava",
    "ticks_per_frame": 2,
    "frames": [ 0,1,2,3,4,5,6,7,8,9,10,11,12,13,14,15,16,17,18,19,20,21,22,23,24,25,26,27,28,29,30,31,32,33,34,35,36,37,38,39 ]
  },
  {
    "flipbook_texture": "textures/blocks/lava_flow",
    "atlas_tile": "flowing_lava",
    "ticks_per_frame": 2,
    "replicate": 2,
    "frames": [ 0,1,2,3,4,5,6,7,8,9,10,11,12,13,14,15,16,17,18,19 ]
  },
  {
    "flipbook_texture": "textures/blocks/magma",
    "atlas_tile": "magma",
    "ticks_per_frame": 4,
    "frames": [ 0,1,2,3,4,5,6,7,8,9,10,11,12,13,14,15,16,17,18,19,20,21,22,23,24,25,26,27,28,29,30,31,32,33,34,35,36,37,38,39 ]
  },
  {
    "flipbook_texture": "textures/blocks/bubble_column_outer_a",
    "atlas_index": 0,
    "atlas_tile_variant": 0,
    "atlas_tile": "bubble_column_outer",
    "ticks_per_frame": 1,
    "frames": [ 0,1,2,3,4,5,6,7,8,9,10,11,12,13,14,15,16,17,18,19,20,21,22,23,24,25,26,27,28,29,30,31 ],
    "blend_frames": false
  },
  {
    "flipbook_texture": "textures/blocks/bubble_column_outer_b",
    "atlas_index": 1,
    "atlas_tile_variant": 1,
    "atlas_tile": "bubble_column_outer",
    "ticks_per_frame": 1,
    "frames": [ 7,8,9,10,11,12,13,14,15,16,17,18,19,20,21,22,23,24,25,26,27,28,29,30,31,0,1,2,3,4,5,6 ],
    "blend_frames": false
  },
  {
    "flipbook_texture": "textures/blocks/bubble_column_outer_c",
    "atlas_index": 2,
    "atlas_tile_variant": 2,
    "atlas_tile": "bubble_column_outer",
    "ticks_per_frame": 1,
    "frames": [ 14,15,16,17,18,19,20,21,22,23,24,25,26,27,28,29,30,31,0,1,2,3,4,5,6,7,8,9,10,11,12,13 ],
    "blend_frames": false
  },
  {
    "flipbook_texture": "textures/blocks/bubble_column_outer_d",
    "atlas_index": 3,
    "atlas_tile_variant": 3,
    "atlas_tile": "bubble_column_outer",
    "ticks_per_frame": 1,
    "frames": [ 25,26,27,28,29,30,31,0,1,2,3,4,5,6,7,8,9,10,11,12,13,14,15,16,17,18,19,20,21,22,23,24 ],
    "blend_frames": false
  },
  {
    "flipbook_texture": "textures/blocks/bubble_column_outer_e",
    "atlas_index": 4,
    "atlas_tile_variant": 4,
    "atlas_tile": "bubble_column_outer",
    "ticks_per_frame": 1,
    "frames": [ 31,30,29,28,27,26,25,24,23,22,21,20,19,18,17,16,15,14,13,12,11,10,9,8,7,6,5,4,3,2,1,0 ],
    "blend_frames": false
  },
  {
    "flipbook_texture": "textures/blocks/bubble_column_outer_f",
    "atlas_index": 5,
    "atlas_tile_variant": 5,
    "atlas_tile": "bubble_column_outer",
    "ticks_per_frame": 1,
    "frames": [ 24,23,22,21,20,19,18,17,16,15,14,13,12,11,10,9,8,7,6,5,4,3,2,1,0,31,30,29,28,27,26,25 ],
    "blend_frames": false
  },
  {
    "flipbook_texture": "textures/blocks/bubble_column_outer_g",
    "atlas_index": 6,
    "atlas_tile_variant": 6,
    "atlas_tile": "bubble_column_outer",
    "ticks_per_frame": 1,
    "frames": [ 17,16,15,14,13,12,11,10,9,8,7,6,5,4,3,2,1,0,31,30,29,28,27,26,25,24,23,22,21,20,19,18 ],
    "blend_frames": false
  },
  {
    "flipbook_texture": "textures/blocks/bubble_column_outer_h",
    "atlas_index": 7,
    "atlas_tile_variant": 7,
    "atlas_tile": "bubble_column_outer",
    "ticks_per_frame": 1,
    "frames": [ 9,8,7,6,5,4,3,2,1,0,31,30,29,28,27,26,25,24,23,22,21,20,19,18,17,16,15,14,13,12,11,10 ],
    "blend_frames": false
  },
  {
    "flipbook_texture": "textures/blocks/bubble_column_up_top_a",
    "atlas_index": 0,
    "atlas_tile_variant": 0,
    "atlas_tile": "bubble_column_up_top",
    "ticks_per_frame": 2,
    "frames": [ 0,1,2,3,4,5,6,7,8,9,10,11 ],
    "blend_frames": false
  },
  {
    "flipbook_texture": "textures/blocks/bubble_column_up_top_b",
    "atlas_index": 1,
    "atlas_tile_variant": 1,
    "atlas_tile": "bubble_column_up_top",
    "ticks_per_frame": 2,
    "frames": [ 9,10,11,0,1,2,3,4,5,6,7,8 ],
    "blend_frames": false
  },
  {
    "flipbook_texture": "textures/blocks/bubble_column_up_top_c",
    "atlas_index": 2,
    "atlas_tile_variant": 2,
    "atlas_tile": "bubble_column_up_top",
    "ticks_per_frame": 2,
    "frames": [ 5,6,7,8,9,10,11,0,1,2,3,4 ],
    "blend_frames": false
  },
  {
    "flipbook_texture": "textures/blocks/bubble_column_up_top_d",
    "atlas_index": 3,
    "atlas_tile_variant": 3,
    "atlas_tile": "bubble_column_up_top",
    "ticks_per_frame": 2,
    "frames": [ 3,4,5,6,7,8,9,10,11,0,1,2 ],
    "blend_frames": false
  },
  {
    "flipbook_texture": "textures/blocks/bubble_column_down_top_a",
    "atlas_index": 0,
    "atlas_tile_variant": 0,
    "atlas_tile": "bubble_column_down_top",
    "ticks_per_frame": 2,
    "frames": [ 0,1,2,3,4,5,6,7,8,9,10,11,12,13,14,15,16,17,18,19,20 ],
    "blend_frames": false
  },
  {
    "flipbook_texture": "textures/blocks/bubble_column_down_top_b",
    "atlas_index": 1,
    "atlas_tile_variant": 1,
    "atlas_tile": "bubble_column_down_top",
    "ticks_per_frame": 2,
    "frames": [ 7,8,9,10,11,12,13,14,15,16,17,18,19,20,0,1,2,3,4,5,6 ],
    "blend_frames": false
  },
  {
    "flipbook_texture": "textures/blocks/bubble_column_down_top_c",
    "atlas_index": 2,
    "atlas_tile_variant": 2,
    "atlas_tile": "bubble_column_down_top",
    "ticks_per_frame": 2,
    "frames": [ 12,13,14,15,16,17,18,19,20,0,1,2,3,4,5,6,7,8,9,10,11 ],
    "blend_frames": false
  },
  {
    "flipbook_texture": "textures/blocks/bubble_column_down_top_d",
    "atlas_index": 3,
    "atlas_tile_variant": 3,
    "atlas_tile": "bubble_column_down_top",
    "ticks_per_frame": 2,
    "frames": [ 17,18,19,20,0,1,2,3,4,5,6,7,8,9,10,11,12,13,14,15,16 ],
    "blend_frames": false
  },
  {
    "flipbook_texture": "textures/blocks/bubble_column_inner_a",
    "atlas_index": 0,
    "atlas_tile_variant": 0,
    "atlas_tile": "bubble_column_mid",
    "ticks_per_frame": 1,
    "frames": [ 0,1,2,3,4,5,6,7,8,9,10,11,12,13,14,15,16,17,18,19,20,21,22,23,24,25,26,27,28,29,30,31 ],
    "blend_frames": false
  },
  {
    "flipbook_texture": "textures/blocks/bubble_column_inner_b",
    "atlas_index": 1,
    "atlas_tile_variant": 1,
    "atlas_tile": "bubble_column_mid",
    "ticks_per_frame": 1,
    "frames": [ 31,30,29,28,27,26,25,24,23,22,21,20,19,18,17,16,15,14,13,12,11,10,9,8,7,6,5,4,3,2,1,0 ],
    "blend_frames": false
  },
  {
    "flipbook_texture": "textures/blocks/kelp_a",
    "atlas_tile": "kelp_a",
    "ticks_per_frame": 3,
    "frames": [ 0,1,2,3,4,5,6,7,8,9,10,11,12,13,14,15,16,17,18,19 ],
    "blend_frames": false
  },
  {
    "flipbook_texture": "textures/blocks/kelp_b",
    "atlas_tile": "kelp_b",
    "ticks_per_frame": 3,
    "frames": [ 5,6,7,8,9,10,11,12,13,14,15,16,17,18,19,0,1,2,3,4 ],
    "blend_frames": false
  },
  {
    "flipbook_texture": "textures/blocks/kelp_c",
    "atlas_tile": "kelp_c",
    "ticks_per_frame": 3,
    "frames": [ 11,12,13,14,15,16,17,18,19,0,1,2,3,4,5,6,7,8,9,10 ],
    "blend_frames": false
  },
  {
    "flipbook_texture": "textures/blocks/kelp_d",
    "atlas_tile": "kelp_d",
    "ticks_per_frame": 3,
    "frames": [ 15,16,17,18,19,0,1,2,3,4,5,6,7,8,9,10,11,12,13,14 ],
    "blend_frames": false
  },
  {
    "flipbook_texture": "textures/blocks/kelp_top",
    "atlas_tile": "kelp_top",
    "ticks_per_frame": 3,
    "frames": [ 0,1,2,3,4,5,6,7,8,9,10,11,12,13,14,15,16,17,18,19 ],
    "blend_frames": false
  },
  {
    "flipbook_texture": "textures/blocks/kelp_top_bulb",
    "atlas_tile": "kelp_top_bulb",
    "ticks_per_frame": 3,
    "frames": [ 11,12,13,14,15,16,17,18,19,0,1,2,3,4,5,6,7,8,9,10 ],
    "blend_frames": false
  },
  {
    "flipbook_texture": "textures/blocks/prismarine_rough",
    "atlas_tile": "prismarine",
    "ticks_per_frame": 300,
    "frames": [ 0,1,0,2,0,3,0,1,2,1,3,1,0,2,1,2,3,2,0,3,1,3 ]
  },
  {
    "flipbook_texture": "textures/blocks/portal",
    "atlas_tile": "portal",
    "frames": [ 0,1,2,3,4,5,6,7,8,9,10,11,12,13,14,15,16,17,18,19,20,21,22,23,24,25,26,27,28,29,30,31 ]
  },
  {
    "flipbook_texture": "textures/blocks/sea_lantern",
    "atlas_tile": "sea_lantern",
    "ticks_per_frame": 5,
    "frames": [ 0,1,2,3,4 ]
  },
  {
    "flipbook_texture": "textures/blocks/command_block_front",
    "atlas_tile": "command_block_front",
    "ticks_per_frame": 1,
    "frames": [ 0,1,2,3,4,5,6,7,8,9,10,11,12,13,14,15,16,17,18,19,20,21,22,23,24,25,26,27,28,29,30,31 ],
    "blend_frames": false
  },
  {
    "flipbook_texture": "textures/blocks/command_block_back",
    "atlas_tile": "command_block_back",
    "ticks_per_frame": 1,
    "frames": [ 0,1,2,3,4,5,6,7,8,9,10,11,12,13,14,15,16,17,18,19,20,21,22,23,24,25,26,27,28,29,30,31 ],
    "blend_frames": false
  },
  {
    "flipbook_texture": "textures/blocks/command_block_side",
    "atlas_tile": "command_block_side",
    "ticks_per_frame": 1,
    "frames": [ 0,1,2,3,4,5,6,7,8,9,10,11,12,13,14,15,16,17,18,19,20,21,22,23,24,25,26,27,28,29,30,31 ],
    "blend_frames": false
  },
  {
    "flipbook_texture": "textures/blocks/command_block_conditional",
    "atlas_tile": "command_block_conditional_side",
    "ticks_per_frame": 1,
    "frames": [ 0,1,2,3,4,5,6,7,8,9,10,11,12,13,14,15,16,17,18,19,20,21,22,23,24,25,26,27,28,29,30,31 ],
    "blend_frames": false
  },
  {
    "flipbook_texture": "textures/blocks/repeating_command_block_front",
    "atlas_tile": "command_block_repeating_front",
    "ticks_per_frame": 1,
    "frames": [ 0,1,2,3,4,5,6,7,8,9,10,11,12,13,14,15,16,17,18,19,20,21,22,23,24,25,26,27,28,29,30,31 ],
    "blend_frames": false
  },
  {
    "flipbook_texture": "textures/blocks/repeating_command_block_back",
    "atlas_tile": "command_block_repeating_back",
    "ticks_per_frame": 1,
    "frames": [ 0,1,2,3,4,5,6,7,8,9,10,11,12,13,14,15,16,17,18,19,20,21,22,23,24,25,26,27,28,29,30,31 ],
    "blend_frames": false
  },
  {
    "flipbook_texture": "textures/blocks/repeating_command_block_side",
    "atlas_tile": "command_block_repeating_side",
    "ticks_per_frame": 1,
    "frames": [ 0,1,2,3,4,5,6,7,8,9,10,11,12,13,14,15,16,17,18,19,20,21,22,23,24,25,26,27,28,29,30,31 ],
    "blend_frames": false
  },
  {
    "flipbook_texture": "textures/blocks/repeating_command_block_conditional",
    "atlas_tile": "command_block_repeating_conditional_side",
    "ticks_per_frame": 1,
    "frames": [ 0,1,2,3,4,5,6,7,8,9,10,11,12,13,14,15,16,17,18,19,20,21,22,23,24,25,26,27,28,29,30,31 ],
    "blend_frames": false
  },
  { 
    "flipbook_texture": "textures/blocks/soul_campfire",
    "atlas_tile": "soul_campfire_fire",
    "ticks_per_frame": 1,
    "frames": [ 0,1,2,3,4,5,6,7,8,9,10,11,12,13,14,15,16,17,18,19 ]
  },
  {
    "flipbook_texture": "textures/blocks/soul_campfire_log_lit",
    "atlas_tile": "soul_campfire_log_lit",
    "ticks_per_frame": 8,
    "frames": [ 0,1,2,3 ]
  },
  {
    "flipbook_texture": "textures/blocks/chain_command_block_front",
    "atlas_tile": "command_block_chain_front",
    "ticks_per_frame": 1,
    "frames": [ 0,1,2,3,4,5,6,7,8,9,10,11,12,13,14,15,16,17,18,19,20,21,22,23,24,25,26,27,28,29,30,31 ],
    "blend_frames": false
  },
  {
    "flipbook_texture": "textures/blocks/chain_command_block_back",
    "atlas_tile": "command_block_chain_back",
    "ticks_per_frame": 1,
    "frames": [ 0,1,2,3,4,5,6,7,8,9,10,11,12,13,14,15,16,17,18,19,20,21,22,23,24,25,26,27,28,29,30,31 ],
    "blend_frames": false
  },
  {
    "flipbook_texture": "textures/blocks/chain_command_block_side",
    "atlas_tile": "command_block_chain_side",
    "ticks_per_frame": 1,
    "frames": [ 0,1,2,3,4,5,6,7,8,9,10,11,12,13,14,15,16,17,18,19,20,21,22,23,24,25,26,27,28,29,30,31 ],
    "blend_frames": false
  },
  {
    "flipbook_texture": "textures/blocks/chain_command_block_conditional",
    "atlas_tile": "command_block_chain_conditional_side",
    "ticks_per_frame": 1,
    "frames": [ 0,1,2,3,4,5,6,7,8,9,10,11,12,13,14,15,16,17,18,19,20,21,22,23,24,25,26,27,28,29,30,31 ],
    "blend_frames": false
  },
  {
    "flipbook_texture": "textures/blocks/seagrass",
    "atlas_tile": "seagrass_short",
    "ticks_per_frame": 4,
    "frames": [ 0,1,2,3,4,5,6,7,8,9,10,11,12,13,14,15,16,17 ],
    "blend_frames": false
  },
  {
    "flipbook_texture": "textures/blocks/seagrass_doubletall_bottom_a",
    "atlas_tile": "seagrass_tall_bot_a",
    "ticks_per_frame": 3,
    "frames": [ 0,1,2,3,4,5,6,7,8,9,10,11,12,13,14,15,16,17,18 ],
    "blend_frames": false
  },
  {
    "flipbook_texture": "textures/blocks/seagrass_doubletall_bottom_b",
    "atlas_tile": "seagrass_tall_bot_b",
    "ticks_per_frame": 3,
    "frames": [ 10,11,12,13,14,15,16,17,18,1,2,3,4,5,6,7,8,9 ],
    "blend_frames": false
  },
  {
    "flipbook_texture": "textures/blocks/seagrass_doubletall_top_a",
    "atlas_tile": "seagrass_tall_top_a",
    "ticks_per_frame": 3,
    "frames": [ 0,1,2,3,4,5,6,7,8,9,10,11,12,13,14,15,16,17,18 ],
    "blend_frames": false
  },
  {
    "flipbook_texture": "textures/blocks/seagrass_doubletall_top_b",
    "atlas_tile": "seagrass_tall_top_b",
    "ticks_per_frame": 3,
    "frames": [ 10,11,12,13,14,15,16,17,18,1,2,3,4,5,6,7,8,9 ],
    "blend_frames": false
  },
  {
    "flipbook_texture": "textures/blocks/blast_furnace_front_on",
    "atlas_tile": "blast_furnace_front_on",
    "ticks_per_frame": 1,
    "frames": [ 0,1,2,3,4,5,6,7,8,9,10,11,12,13,14,15,16,17,18,19 ],
    "blend_frames": false
  },
  {
    "flipbook_texture": "textures/blocks/smoker_front_on",
    "atlas_tile": "smoker_front_on",
    "ticks_per_frame": 1,
    "frames": [ 0,1,2,3,4,5,6,7,8,9,10,11,12,13,14,15,16,17,18,19 ],
    "blend_frames": false
  },
  {
    "flipbook_texture": "textures/blocks/stonecutter2_saw",
    "atlas_tile": "stonecutter2_saw",
    "ticks_per_frame": 2,
    "frames": [ 0,1,2,3,4,5,6,7 ],
    "blend_frames": false
  },
  {
    "flipbook_texture": "textures/blocks/lantern",
    "atlas_tile": "lantern",
    "ticks_per_frame": 2,    
    "frames": [ 0,1,2,3,4,5,6,7,8,9,10,11,12,13,14,15,16,17,18,19 ]
  },
  {
    "flipbook_texture": "textures/blocks/soul_lantern",
    "atlas_tile": "soul_lantern",
    "ticks_per_frame": 2,
    "frames": [ 0,1,2,3,4,5,6,7,8,9,10,11,12,13,14,15,16,17,18,19 ]
  },
  {
    "flipbook_texture": "textures/blocks/campfire",
    "atlas_tile": "campfire_fire",
    "frames": [ 0,1,2,3,4,5,6,7,8,9,10,11,12,13,14,15,16,17,18,19 ],
    "ticks_per_frame": 1
  },
  {
    "flipbook_texture": "textures/blocks/campfire_log_lit",
    "atlas_tile": "campfire_log_lit",
    "ticks_per_frame": 8,
    "frames": [ 0,1,2,3 ]
  },
  {
    "flipbook_texture": "textures/blocks/sculk_sensor_tendril_active",
    "atlas_tile": "sculk_sensor_tendril_active",
    "frames": [ 0,1,2,3,4,5,6,7,8,9,10,11,12,13,14,15 ],
    "ticks_per_frame": 1
  },
  {
    "flipbook_texture": "textures/blocks/sculk_sensor_tendril_inactive",
    "atlas_tile": "sculk_sensor_tendril_inactive",
    "frames": [ 0,1,2,3,4,5,6,7,8,9,10,11,12,13,14,15 ],
    "ticks_per_frame": 2
  },
  {
    "flipbook_texture": "textures/blocks/sculk",
    "atlas_tile": "sculk",
    "frames": [ 0,1,2,3 ],
    "ticks_per_frame": 20
  },
  {
    "flipbook_texture": "textures/blocks/sculk_vein",
    "atlas_tile": "sculk_vein",
    "frames": [ 0,1,2,3 ],
    "ticks_per_frame": 20
  },
  {
    "flipbook_texture": "textures/blocks/sculk_catalyst_side_bloom",
    "atlas_index": 1,
    "atlas_tile": "sculk_catalyst_side",
    "atlas_tile_variant": 1,
    "frames": [ 0,1,2,3,4,5,6,7 ],
    "ticks_per_frame": 1
  },
  {
    "flipbook_texture": "textures/blocks/sculk_catalyst_top_bloom",
    "atlas_index": 1,
    "atlas_tile": "sculk_catalyst_top",
    "atlas_tile_variant": 1,
    "frames": [ 0,1,2,3,4,5,6,7 ],
    "ticks_per_frame": 1
  },
  {
    "flipbook_texture": "textures/blocks/sculk_shrieker_inner_top",
    "atlas_tile": "sculk_shrieker_inner_top",
    "frames": [ 0,1,2,3,4,5,6,7,8,9 ],
    "atlas_index": 0,
    "atlas_tile_variant": 0,
    "ticks_per_frame": 6
  },
  {
    "flipbook_texture": "textures/blocks/sculk_shrieker_can_summon_inner_top",
    "atlas_tile": "sculk_shrieker_inner_top",
    "frames": [ 0,1,2,3,4,5,6,7,8,9 ],
    "atlas_index": 1,
    "atlas_tile_variant": 1,
    "ticks_per_frame": 3
  },
  {
    "__comment": "Items----------------------------------------------------------------------------"
  },
  {
    "flipbook_texture": "textures/items/beetroot_soup",
    "atlas_tile": "beetroot_soup",
    "ticks_per_frame": 8,
    "frames": [ 0,1,2,3,4,5,6,7 ]
  },
  {
    "flipbook_texture": "textures/items/bucket_axolotl",
    "atlas_tile": "bucket_axolotl",
    "ticks_per_frame": 2,
    "frames": [ 0,1,2,3,4,5,6,7,8,9,10,11,12,13,14,15,16,17,18,19,20,21,22,23,24,25,26,27,28,29,30,31,32,33,34,35,36,37,38,39,40,41,42,43,44,45,46,47,48,49,50,51,52,53,54,55,56,57,58,59 ]
  },
  {
    "flipbook_texture": "textures/items/bucket_cod",
    "atlas_tile": "bucket_cod",
    "ticks_per_frame": 2,
    "frames": [ 0,1,2,3,4,5,6,7,8,9,10,11,12,13,14,15,16,17,18,19,20,21,22,23,24,25,26,27,28,29,30,31,32,33,34,35,36,37,38,39,40,41,42,43,44,45,46,47,48,49,50,51,52,53,54,55,56,57,58,59 ]
  },
  {
    "flipbook_texture": "textures/items/bucket_lava",
    "atlas_tile": "bucket_lava",
    "ticks_per_frame": 2,
    "frames": [ 0,1,2,3,4,5,6,7,8,9,10,11,12,13,14,15,16,17,18,19,20,21,22,23,24,25,26,27,28,29,30,31,32,33,34,35,36,37,38,39 ]
  },
  {
    "flipbook_texture": "textures/items/bucket_milk",
    "atlas_tile": "bucket_milk",
    "ticks_per_frame": 2,
    "frames": [ 0,1,2,3,4,5,6,7,8,9,10,11,12,13,14,15,16,17,18,19,20,21,22,23,24,25,26,27,28,29,30,31,32,33,34,35,36,37,38,39,40,41,42,43,44,45,46,47,48,49,50,51,52,53,54,55,56,57,58,59 ]
  },
  {
    "flipbook_texture": "textures/items/bucket_pufferfish",
    "atlas_tile": "bucket_pufferfish",
    "ticks_per_frame": 2,
    "frames": [ 0,1,2,3,4,5,6,7,8,9,10,11,12,13,14,15,16,17,18,19,20,21,22,23,24,25,26,27,28,29,30,31,32,33,34,35,36,37,38,39,40,41,42,43,44,45,46,47,48,49,50,51,52,53,54,55,56,57,58,59 ]
  },
    {
    "flipbook_texture": "textures/items/bucket_salmon",
    "atlas_tile": "bucket_salmon",
    "ticks_per_frame": 2,
    "frames": [ 0,1,2,3,4,5,6,7,8,9,10,11,12,13,14,15,16,17,18,19,20,21,22,23,24,25,26,27,28,29,30,31,32,33,34,35,36,37,38,39,40,41,42,43,44,45,46,47,48,49,50,51,52,53,54,55,56,57,58,59 ]
  },
  {
    "flipbook_texture": "textures/items/bucket_tadpole",
    "atlas_tile": "bucket_tadpole",
    "ticks_per_frame": 2,
    "frames": [ 0,1,2,3,4,5,6,7,8,9,10,11,12,13,14,15,16,17,18,19,20,21,22,23,24,25,26,27,28,29,30,31,32,33,34,35,36,37,38,39,40,41,42,43,44,45,46,47,48,49,50,51,52,53,54,55,56,57,58,59 ]
  },
  {
    "flipbook_texture": "textures/items/bucket_tropical",
    "atlas_tile": "bucket_tropical",
    "ticks_per_frame": 2,
    "frames": [ 0,1,2,3,4,5,6,7,8,9,10,11,12,13,14,15,16,17,18,19,20,21,22,23,24,25,26,27,28,29,30,31,32,33,34,35,36,37,38,39,40,41,42,43,44,45,46,47,48,49,50,51,52,53,54,55,56,57,58,59 ]
  },
  {
    "flipbook_texture": "textures/items/bucket_water",
    "atlas_tile": "bucket_water",
    "ticks_per_frame": 2,
    "frames": [ 0,1,2,3,4,5,6,7,8,9,10,11,12,13,14,15,16,17,18,19,20,21,22,23,24,25,26,27,28,29,30,31,32,33,34,35,36,37,38,39,40,41,42,43,44,45,46,47,48,49,50,51,52,53,54,55,56,57,58,59 ]
  },
  {
    "flipbook_texture": "textures/items/diamond",
    "atlas_tile": "diamond",
    "frames": [ 0,1,2,3,4,5,6,7,8,9,10,11,12,13,14,15,16,17,18,19,20,21,22,23,24,25,26,27,28,29,30,31,32,33,34,35,36,37,38,39,40,41,42,43,44 ],
    "blend_frames": false
  },
  {
    "flipbook_texture": "textures/items/dragons_breath",
    "atlas_tile": "dragons_breath",
    "ticks_per_frame": 10,
    "frames": [ 0,1,2,3,2,1 ]
  },
  {
    "flipbook_texture": "textures/items/emerald",
    "atlas_tile": "emerald",
    "frames": [ 23,24,25,26,27,28,29,30,31,32,33,34,35,36,37,38,39,40,41,42,43,44,0,1,2,3,4,5,6,7,8,9,10,11,12,13,14,15,16,17,18,19,20,21,22 ],
    "blend_frames": false
  },
  {
    "flipbook_texture": "textures/items/gold_nugget",
    "atlas_tile": "gold_nugget",
    "ticks_per_frame": 2,
    "frames": [ 0,1,2,3,4,5,6,7,8,9,10,11,12,13,14,15,16,17,18,19,20,21,22,23,24,25,26,27,28,29,30 ],
    "blend_frames": false
  },
    {
    "flipbook_texture": "textures/items/melon_speckled",
    "atlas_tile": "melon_speckled",
    "ticks_per_frame": 2,
    "frames": [ 0,1,2,3,4,5,6,7,8,9,10,11,12,13,14,15,16,17,18,19,20,21,22,23,24,25,26,27,28,29,30 ],
    "blend_frames": false
  },
  {
    "flipbook_texture": "textures/items/mushroom_stew",
    "atlas_tile": "mushroom_stew",
    "ticks_per_frame": 8,
    "frames": [ 0,1,2,3,4,5,6,7 ]
  },
  {
    "flipbook_texture": "textures/items/rabbit_stew",
    "atlas_tile": "rabbit_stew",
    "ticks_per_frame": 8,
    "frames": [ 0,1,2,3,4,5,6,7 ]
  },
  {
    "flipbook_texture": "textures/items/suspicious_stew",
    "atlas_tile": "suspicious_stew",
    "ticks_per_frame": 8,
    "frames": [ 0,1,2,3,4,5,6,7 ]
  }
]
