{
  "format_version": "1.10.0",
  "minecraft:client_entity": {
    "description": {
      "identifier": "minecraft:glow_squid",
      "materials": { "default": "glow_squid" },
      "textures": {
        "default": "textures/entity/glow_squid/glow_squid",
        "default2": "textures/entity/glow_squid/glow_squid2",
        "default3": "textures/entity/glow_squid/glow_squid3"
      },
      "geometry": {
        "default": "geometry.squid"
      },
      "animations": {
        "move": "animation.squid.move",
        "squid_rotate": "animation.squid.rotate"
      },
      "scripts": {
        "animate": [
          "move",
          "squid_rotate"
        ],
        "initialize": [
          "variable.xvar = math.random(0,999);"
        ]
      },
      "render_controllers": [ "controller.render.glow_squid" ],
      "spawn_egg": {
        "base_color": "#0x095656",
        "overlay_color": "#0x85f1bc"
      }
    }
  }
}
