{
  "format_version": "1.8.0",
  "render_controllers": {
    "controller.render.chicken": {
      "geometry": "geometry.default",
      "materials": [
        { "*": "Material.default" },
        { "leg*": "Material.legs" }
      ],
      "textures": [ "array.xskins[variable.xvar]" ],
      "arrays": {
        "textures": {
          "array.xskins": [
            "texture.default",
            "texture.default2",
            "texture.default3"
          ]
        }
      }
    }
  }
}
