{
  "format_version": "1.8.0",
  "render_controllers": {
    "controller.render.creeper": {
      "geometry": "geometry.default",
      "materials": [ { "*": "Material.default" } ],
      "textures": [ "array.xskins[variable.xvar]" ],
      "overlay_color": {
          "r": "((variable.flash == 0.0) || (query.swelling_dir < 0.0)) ? this : 1.0",
          "g": "((variable.flash == 0.0) || (query.swelling_dir < 0.0)) ? this : 1.0",
          "b": "((variable.flash == 0.0) || (query.swelling_dir < 0.0)) ? this : 1.0",
          "a": "((variable.flash == 0.0) || (query.swelling_dir < 0.0)) ? this : 1.0"
      },
      "arrays": {
        "textures": {
          "array.xskins": [
            "texture.default",
            "texture.default2",
            "texture.default3",
            "texture.default4",
            "texture.default5"
          ]
        }
      }
    }
  }
}
