{
  "format_version": "1.8.0",
  "render_controllers": {
    "controller.render.silverfish": {
      "geometry": "geometry.default",
      "materials": [
        { "*": "Material.default" },
        { "bodyLayer_*": "Material.body_layer" }
      ],
      "part_visibility": [
        { "*": "0" },
        { "bodypart_0": "1" },
        { "bodypart_1": "1" },
        { "bodypart_2": "1" },
        { "bodypart_3": "1" },
        { "bodypart_4": "1" },
        { "bodypart_5": "1" },
        { "bodypart_6": "1" },
        { "bodylayer_0": "1" },
        { "bodylayer_1": "1" },
        { "bodylayer_2": "1" }
      ],
      "textures": [ "array.xskins[variable.xvar]" ],
      "arrays": {
        "textures": {
          "array.xskins": [
            "texture.default",
            "texture.default2",
            "texture.default3",
            "texture.default4"
          ]
        }
      }
    }
  }
}
