{
  "format_version": "1.8.0",
  "render_controllers": {
    "controller.render.snowgolem": {
      "geometry": "geometry.default",
      "materials": [
        { "*": "Material.default" },
        { "head*": "Material.head" }
      ],
      "textures": [ "array.xskins[variable.xvar]" ],
      "arrays": {
        "textures": {
          "array.xskins": [
            "texture.default",
            "texture.default2",
            "texture.default3",
            "texture.default4",
            "texture.default5",
            "texture.default6",
            "texture.default7",
            "texture.default8",
            "texture.default9",
            "texture.default10"
          ]
        }
      }
    }
  }
}
